row,to,subject,pdf,extracted,draft_reply_snippet
1,prabha.sharma@dell.com,Enquiry about Alienware m16 Laptop,output\response_1.pdf,"{'llm_extraction_raw': '```json\n{\n  ""Customer Name"": ""Prabha Sharma"",\n  ""Product of Interest"": ""Alienware m16 gaming laptop"",\n  ""Customer Intent"": ""Buy"",\n  ""Key Questions"": [\n    ""Does it come with an NVIDIA RTX 4070 graphics card option?"",\n    ""Is the RAM upgradable beyond 16GB?"",\n    ""What is the typical battery backup during gaming sessions?"",\n    ""Is this model currently in stock for delivery in Mumbai, India?""\n  ],\n  ""Tone"": ""Formal""\n}\n```'}","Subject: Inquiry About Alienware m16 Gaming Laptop

Dear Prabha Sharma,

Thank you for your inquiry about the Alienware m16 gaming laptop. We appreciate your interest in our products, and I’m happy to assist you with your questions.

1. **NVIDIA RTX 4070 Graphics Card Option**: Yes, the Alienware m1..."
2,prabha.sharma@dell.com,Request for Quote – Alienware X14,output\response_2.pdf,"{'Customer Name': 'Prabha Sharma', 'Product of Interest': 'Alienware X14', 'Customer Intent': 'Enquiry', 'Key Questions': ['Latest pricing for the RTX 4060 variant', 'Available student discounts or financing/EMI plans', 'Estimated delivery time to Bangalore', 'Any bundled offers (gaming accessories, extended warranty, etc.)'], 'Tone': 'Formal'}","Subject: Re: Inquiry About Alienware X14

Dear Prabha Sharma,

Thank you for reaching out to us regarding the Alienware X14. We appreciate your interest in our products.

1. **Latest Pricing for the RTX 4060 Variant**: I will need to check the current pricing for the RTX 4060 variant and will get ba..."
3,prabha.sharma@dell.com,Alienware Laptops for Team Purchase,output\response_3.pdf,"{'llm_extraction_raw': '```json\n{\n  ""Customer Name"": ""Prabha Sharma"",\n  ""Product of Interest"": ""Alienware X16, Alienware m18"",\n  ""Customer Intent"": ""Enquiry"",\n  ""Key Questions"": [\n    ""Comparison of performance, portability, and cooling between Alienware X16 and Alienware m18"",\n    ""Enterprise or bulk pricing options"",\n    ""Support packages for businesses"",\n    ""Delivery timelines to Hyderabad"",\n    ""After-sales support availability in Hyderabad""\n  ],\n  ""Tone"": ""Formal""\n}\n```'}","Subject: Re: Inquiry about Alienware Laptops

Dear Prabha Sharma,

Thank you for reaching out regarding your interest in the Alienware X16 and Alienware m18 laptops. We appreciate the opportunity to assist you in selecting high-performance laptops for your startup.

### Comparison of Alienware X16 a..."
